{
  "pop_crash_pct": {
    "mu_star": [
      10.270500000000004,
      8.8195,
      2.6619999999999973,
      9.294500000000005,
      3.408999999999998,
      9.4975,
      2.9495000000000013,
      6.337000000000004,
      9.692999999999998,
      1.9009999999999985,
      2.429000000000001,
      2.2620000000000005,
      7.658999999999997,
      2.1990000000000007,
      1.845500000000002,
      3.5564999999999998,
      1.6319999999999983,
      2.9869999999999983,
      2.6925000000000026,
      2.682,
      3.0755000000000017,
      4.990500000000003,
      3.099499999999998,
      3.5204999999999997,
      2.441,
      4.429499999999999,
      3.0154999999999985,
      9.744,
      2.586000000000001,
      1.5075000000000012,
      2.5745000000000022,
      1.1929999999999978,
      3.1999999999999993,
      2.017000000000004,
      1.6374999999999975,
      2.6800000000000024,
      3.688000000000001,
      5.212500000000001,
      3.7839999999999963,
      5.404000000000001,
      3.127,
      2.011499999999996,
      2.948499999999999
    ],
    "sigma": [
      22.140786957677527,
      19.337819850721218,
      4.974642542037832,
      16.53023108540356,
      7.619124138086933,
      8.991536883442997,
      6.2934220253748805,
      7.886135802453369,
      19.403204808538852,
      3.1141816530865767,
      4.679814436267182,
      4.169513413488813,
      10.81583274162174,
      4.166626048924837,
      3.9337431952678075,
      5.482335724853051,
      3.0773247096172773,
      5.6991064858310985,
      6.2503307491431315,
      4.610477198729003,
      5.8115017309143955,
      9.37020107350396,
      4.909861049593538,
      7.288183280236287,
      4.246696425024495,
      7.590272497015333,
      5.960136765474253,
      7.853748953944153,
      5.168701251918025,
      2.4426591959109696,
      4.7451398681620605,
      2.67408518543209,
      4.808288786318016,
      3.9612014392233688,
      2.849137034630886,
      4.964667159034935,
      6.632882916912805,
      9.239835880861909,
      7.2403809873586935,
      9.096162869439421,
      5.749424319007943,
      3.4921895936353047,
      5.97555236380969
    ],
    "mu_star_conf": [
      8.930982552918326,
      8.733215842902212,
      1.8796460471645966,
      6.309344926147292,
      3.332805663461094,
      4.218954036198819,
      2.296763098964805,
      3.063425700643471,
      8.489475096817051,
      0.9537742488896761,
      1.5616790227098067,
      1.6592239964542324,
      3.479603632138778,
      1.6316445148660819,
      1.6088334426747495,
      1.866668269451773,
      1.0338789169473908,
      2.1406033543697065,
      2.7069190524981006,
      1.6081641717430701,
      1.7939006942532991,
      3.453798099865289,
      1.6148626751898196,
      3.24367165432907,
      1.6110306099584057,
      2.969654914605131,
      2.180759936691298,
      3.179283985187798,
      1.9834389479415215,
      0.7365205533557262,
      1.456350453555158,
      1.092355982589783,
      1.5208947803338215,
      1.4670165468348766,
      0.9764754012935145,
      1.5145052056741604,
      2.423183795521409,
      3.658902291399158,
      2.7832597995845063,
      3.471241113071547,
      2.2457589036688455,
      1.2972454832836284,
      2.274734116083622
    ],
    "names": 