{
  "W71": {
    "K_half": 400,
    "Pmax": 2000,
    "floor": 100,
    "rmse": 0.6920934100956321,
    "within_2x": 0,
    "within_5x": 5,
    "actual_pct": {
      "AK-PWS": 10.464585636658748,
      "AK-FN": 3.2793600064727535,
      "AK-FS": 3.735716996247417,
      "BC-N": 6.972777641340635,
      "SS-S": 1.596770086931219,
      "JDF": 7.1043606075453205,
      "OR": 1.2644706538711443,
      "CA-N": 0.26989524889104805
    }
  },
  "W75": {
    "K_half": 600,
    "Pmax": 2000,
    "floor": 100,
    "rmse": 1.1575876718548004,
    "within_2x": 3,
    "within_5x": 5,
    "actual_pct": {
      "AK-PWS": 27.54016607466303,
      "AK-FN": 16.66986933128363,
      "AK-FS": 13.1884302399123,
      "BC-N": 15.89621661300639,
      "SS-S": 24.48282290037464,
      "JDF": 39.73697922742509,
      "OR": 12.52666206281871,
      "CA-N": 20.37518614834078
    }
  },
  "W76": {
    "K_half": 800,
    "Pmax": 2000,
    "floor": 100,
    "rmse": 1.3205439679541773,
    "within_2x": 4,
    "within_5x": 4,
    "actual_pct": {
      "AK-PWS": 57.13674107877961,
      "AK-FN": 34.01583801933735,
      "AK-FS": 21.17510646371801,
      "BC-N": 37.341346841510116,
      "SS-S": 44.068490161131926,
      "JDF": 43.43731286406446,
      "OR": 36.7819102793946,
      "CA-N": 34.89840825307919
    }
  },
  "W77": {
    "K_half": 1000,
    "Pmax": 2000,
    "floor": 100,
    "rmse": 1.4442747521928294,
    "within_2x": 2,
    "within_5x": 4,
    "actual_pct": {
      "AK-PWS": 74.18221166286372,
      "AK-FN": 58.09802176463449,
      "AK-FS": 53.03959185394442,
      "BC-N": 55.6758901174229,
      "SS-S": 61.105781471647326,
      "JDF": 61.275596307443436,
      "OR": 51.87731538966583,
      "CA-N": 55.178019730930316
    }
  },
  "W78": {
    "K_half": 600,
    "Pmax": 1500,
    "floor": 100,
    "rmse": 1.1575876718548004,
    "within_2x": 3,
    "within_5x": 5,
    "actual_pct": {
      "AK-PWS": 27.54016607466303,
      "AK-FN": 16.66986933128363,
      "AK-FS": 13.1884302399123,
      "BC-N": 15.89621661300639,
      "SS-S": 24.48282290037464,
      "JDF": 39.73697922742509,
      "OR": 12.52666206281871,
      "CA-N": 20.37518614834078
    }
  },
  "W79": {
    "K_half": 800,
    "Pmax": 1500,
    "floor": 100,
    "rmse": 1.3205439679541773,
    "within_2x": 4,
    "within_5x": 4,
    "actual_pct": {
      "AK-PWS": 57.13674107877961,
      "AK-FN": 34.01583801933735,
      "AK-FS": 21.17510646371801,
      "BC-N": 37.341346841510116,
      "SS-S": 44.068490161131926,
      "JDF": 43.43731286406446,
      "OR": 36.7819102793946,
      "CA-N": 34.89840825307919
    }
  },
  "W80": {
    "K_half": 1000,
    "Pmax": 1500,
    "floor": 100,
    "rmse": 1.4442747521928294,
    "within_2x": 2,
    "within_5x": 4,
    "actual_pct": {
      "AK-PWS": 74.18221166286372,
      "AK-FN": 58.09802176463449,
      "AK-FS": 53.03959185394442,
      "BC-N": 55.6758901174229,
      "SS-S": 61.105781471647326,
      "JDF": 61.275596307443436,
      "OR": 51.87731538966583,
      "CA-N": 55.178019730930316
    }
  },
  "W81": {
    "K_half": 600,
    "Pmax": 1000,
    "floor": 100,
    "rmse": 1.1575876718548004,
    "within_2x": 3,
    "within_5x": 5,
    "actual_pct": {
      "AK-PWS": 27.54016607466303,
      "AK-FN": 16.66986933128363,
      "AK-FS": 13.1884302399123,
      "BC-N": 15.89621661300639,
      "SS-S": 24.48282290037464,
      "JDF": 39.73697922742509,
      "OR": 12.52666206281871,
      "CA-N": 20.37518614834078
    }
  },
  "W82": {
    "K_half": 800,
    "Pmax": 1000,
    "floor": 100,
    "rmse": 1.3205439679541773,
    "within_2x": 4,
    "within_5x": 4,
    "actual_pct": {
      "AK-PWS": 57.13674107877961,
      "AK-FN": 34.01583801933735,
      "AK-FS": 21.17510646371801,
      "BC-N": 37.341346841510116,
      "SS-S": 44.068490161131926,
      "JDF": 43.43731286406446,
      "OR": 36.7819102793946,
      "CA-N": 34.89840825307919
    }
  },
  "W83": {
    "K_half": 800,
    "Pmax": 2000,
    "floor": 75,
    "rmse": 1.2933241777715714,
    "within_2x": 4,
    "within_5x": 4,
    "actual_pct": {
      "AK-PWS": 60.03575545153019,
      "AK-FN": 40.11893685019621,
      "AK-FS": 27.764472741071806,
      "BC-N": 36.57193131124491,
      "SS-S": 32.03247190193868,
      "JDF": 33.56353483742019,
      "OR": 31.681504437723884,
      "CA-N": 38.836021172488465
    }
  },
  "W84": {
    "K_half": 800,
    "Pmax": 1500,
    "floor": 75,
    "rmse": 1.2933241777715714,
    "within_2x": 4,
    "within_5x": 4,
    "actual_pct": {
      "AK-PWS": 60.03575545153019,
      "AK-FN": 40.11893685019621,
      "AK-FS": 27.764472741071806,
      "BC-N": 36.57193131124491,
      "SS-S": 32.03247190193868,
      "JDF": 33.56353483742019,
      "OR": 31.681504437723884,
      "CA-N": 38.836021172488465
    }
  }
}