{
  "configs": {
    "W257": {
      "description": "K\u00bd=1.2M, fw=25 \u2605",
      "group": "K_half",
      "rmse_mean": 0.6968487365279783,
      "rmse_std": 0.0,
      "rmse_per_seed": {
        "42": 0.6968487365279783
      },
      "recovery": {
        "AK-AL": 0.19678795956006084,
        "AK-WG": 0.08160668053302345,
        "AK-OC": 0.041173247616612486,
        "AK-EG": 0.05695351962556189,
        "AK-PWS": 0.12105258183124286,
        "AK-FN": 0.0627203335274823,
        "AK-FS": 0.043162218359068756,
        "BC-N": 0.02118775976100622,
        "BC-C": 0.018617551413259523,
        "SS-N": 0.01969993649449619,
        "SS-S": 0.023594425977775633,
        "JDF": 0.022500295124542557,
        "WA-O": 0.016089285002874102,
        "OR": 0.014501961601222095,
        "CA-N": 0.012217599833853622,
        "CA-C": 0.00805973911399584,
        "CA-S": 0.002501464176482072,
        "BJ": 0.0017861933145335942
      }
    },
    "W259": {
      "description": "K\u00bd=1.2M, \u03b1env=0.25",
      "group": "cross",
      "rmse_mean": 0.8643569765071265,
      "rmse_std": 0.0,
      "rmse_per_seed": {
        "42": 0.8643569765071265
      },
      "recovery": {
        "AK-AL": 0.10367109567464965,
        "AK-WG": 0.044108383832410766,
        "AK-OC": 0.019089016327574242,
        "AK-EG": 0.029537976736642105,
        "AK-PWS": 0.0516933372401864,
        "AK-FN": 0.025300675434025116,
        "AK-FS": 0.018824351501516855,
        "BC-N": 0.009729602787532564,
        "BC-C": 0.008514297755528599,
        "SS-N": 0.007514817950889077,
        "SS-S": 0.009898440984051234,
        "JDF": 0.009711564947074333,
        "WA-O": 0.00786536677537036,
        "OR": 0.007440197201680381,
        "CA-N": 0.0063602910157644355,
        "CA-C": 0.003596109815783393,
        "CA-S": 0.00019782651135550206,
        "BJ": 0.00022245631023495312
      }
    },
    "W267": {
      "description": "r=0.004, fw=25",
      "group": "r_total",
      "rmse_mean": 0.8993750210962314,
      "rmse_std": 0.0,
      "rmse_per_seed": {
        "42": 0.8993750210962314
      },
      "recovery": {
        "AK-AL": 0.1538606555169535,
        "AK-WG": 0.05267400823559219,
        "AK-OC": 0.01956617908347898,
        "AK-EG": 0.033511842323193285,
        "AK-PWS": 0.04771115409413282,
        "AK-FN": 0.023075986978876167,
        "AK-FS": 0.01890761637898194,
        "BC-N": 0.00844335486253078,
        "BC-C": 0.007460613516409381,
        "SS-N": 0.006498845599794773,
        "SS-S": 0.00946264085392334,
        "JDF": 0.009394081728511038,
        "WA-O": 0.007730238975785748,
        "OR": 0.007775142331368832,
        "CA-N": 0.0076477277486236344,
        "CA-C": 0.003080030821133301,
        "CA-S": 0.00018829720004642946,
        "BJ": 7.779982106041156e-05
      }
    },
    "W261": {
      "description": "n=0.5, fw=25",
      "group": "n_conn",
      "rmse_mean": 0.9613771795212787,
      "rmse_std": 0.0,
      "rmse_per_seed": {
        "42": 0.9613771795212787
      },
      "recovery": {
        "AK-AL": 0.17161236491851373,
        "AK-WG": 0.0371717680691453,
        "AK-OC": 0.015246328978977883,
        "AK-EG": 0.024742115302702,
        "AK-PWS": 0.03750218613071407,
        "AK-FN": 0.018219616095781956,
        "AK-FS": 0.014521848839786541,
        "BC-N": 0.007814228396157617,
        "BC-C": 0.00681763814687824,
        "SS-N": 0.006363654404614642,
        "SS-S": 0.007739065838406466,
        "JDF": 0.007724801963452719,
        "WA-O": 0.007815741756524013,
        "OR": 0.007737555460587804,
        "CA-N": 0.0073472142894231264,
        "CA-C": 0.004165065122462996,
        "CA-S": 0.0005102107222345147,
        "BJ": 0.000327231555593369
      }
    },
    "W253": {
      "description": "fw=30",
      "group": "fw_sweep",
      "rmse_mean": 0.9946655394433642,
      "rmse_std": 0.0,
      "rmse_per_seed": {
        "42": 0.9946655394433642
      },
      "recovery": {
        "AK-AL": 0.10590579271165677,
        "AK-WG": 0.034310234451126236,
        "AK-OC": 0.013237389049201884,
        "AK-EG": 0.021020436535520645,
        "AK-PWS": 0.032047222511035284,
        "AK-FN": 0.017100436324249204,
        "AK-FS": 0.014111872379588915,
        "BC-N": 0.005431428555824381,
        "BC-C": 0.004533365226355026,
        "SS-N": 0.0039955546147332766,
        "SS-S": 0.006422722737909696,
        "JDF": 0.006288120253413607,
        "WA-O": 0.005361197903327699,
        "OR": 0.005423046210464188,
        "CA-N": 0.0049714111408934265,
        "CA-C": 0.0016720230218245217,
        "CA-S": 9.110431444003384e-05,
        "BJ": 2.6171330615876836e-05
      }
    },
    "W265": {
      "description": "\u03b1self=0.9, fw=25",
      "group": "alpha_self",
      "rmse_mean": 0.9947358816993216,
      "rmse_std": 0.0,
      "rmse_per_seed": {
        "42": 0.9947358816993216
      },
      "recovery": {
        "AK-AL": 0.1106595432585555,
        "AK-WG": 0.03224190162468556,
        "AK-OC": 0.012578524470416363,
        "AK-EG": 0.021064517024683246,
        "AK-PWS": 0.0329107107428647,
        "AK-FN": 0.017568800093754618,
        "AK-FS": 0.012596697300768475,
        "BC-N": 0.004981153498680335,
        "BC-C": 0.005028301994237099,
        "SS-N": 0.003931518887809648,
        "SS-S": 0.006790079500896998,
        "JDF": 0.006459623424386257,
        "WA-O": 0.005419683927676823,
        "OR": 0.004739566876503901,
        "CA-N": 0.004230826633442998,
        "CA-C": 0.0019077834623748543,
        "CA-S": 0.00012234326396209962,
        "BJ": 7.183532730787315e-05
      }
    },
    "W252": {
      "description": "fw=25",
      "group": "fw_sweep",
      "rmse_mean": 1.0140885168241578,
      "rmse_std": 0.0,
      "rmse_per_seed": {
        "42": 1.0140885168241578
      },
      "recovery": {
        "AK-AL": 0.1007632971204717,
        "AK-WG": 0.031811205010399767,
        "AK-OC": 0.012857508127260109,
        "AK-EG": 0.020760924973353724,
        "AK-PWS": 0.029069822395720105,
        "AK-FN": 0.015496152785015788,
        "AK-FS": 0.012667450659576644,
        "BC-N": 0.005368621689668543,
        "BC-C": 0.0045162796790195175,
        "SS-N": 0.0035457239627434377,
        "SS-S": 0.005779071210846448,
        "JDF": 0.0057765710463148785,
        "WA-O": 0.0048945118862652025,
        "OR": 0.004975176196923932,
        "CA-N": 0.004137434206683497,
        "CA-C": 0.0018274623479740374,
        "CA-S": 9.370729485260623e-05,
        "BJ": 4.579982857778447e-05
      }
    },
    "W264": {
      "description": "\u03b1self=0.5, fw=25",
      "group": "alpha_self",
      "rmse_mean": 1.02838498181606,
      "rmse_std": 0.0,
      "rmse_per_seed": {
        "42": 1.02838498181606
      },
      "recovery": {
        "AK-AL": 0.09800196704525552,
        "AK-WG": 0.03165870633714246,
        "AK-OC": 0.012058494661375546,
        "AK-EG": 0.0199587124964128,
        "AK-PWS": 0.03203777044717714,
        "AK-FN": 0.01385924238865115,
        "AK-FS": 0.011438925602217011,
        "BC-N": 0.005091997236943055,
        "BC-C": 0.004437431644185199,
        "SS-N": 0.0038556671031572823,
        "SS-S": 0.00642858292871978,
        "JDF": 0.005524470571570224,
        "WA-O": 0.005280978802105563,
        "OR": 0.004860166078818008,
        "CA-N": 0.0047588441137707835,
        "CA-C": 0.002050592486763594,
        "CA-S": 0.00010677695076280412,
        "BJ": 6.539366989275438e-05
      }
    },
    "W251": {
      "description": "fw=20",
      "group": "fw_sweep",
      "rmse_mean": 1.0406329389707696,
      "rmse_std": 0.0,
      "rmse_per_seed": {
        "42": 1.0406329389707696
      },
      "recovery": {
        "AK-AL": 0.17052353836005546,
        "AK-WG": 0.030116904185874312,
        "AK-OC": 0.012083135478686488,
        "AK-EG": 0.019611659483757357,
        "AK-PWS": 0.028332561414784917,
        "AK-FN": 0.013437151936891368,
        "AK-FS": 0.011031291543102567,
        "BC-N": 0.005128317158289687,